                  epoch,         train/box_loss,         train/seg_loss,         train/cls_loss,         train/dfl_loss,   metrics/precision(B),      metrics/recall(B),       metrics/mAP50(B),    metrics/mAP50-95(B),   metrics/precision(M),      metrics/recall(M),       metrics/mAP50(M),    metrics/mAP50-95(M),           val/box_loss,           val/seg_loss,           val/cls_loss,           val/dfl_loss,                 lr/pg0,                 lr/pg1,                 lr/pg2
                      1,                 3.7122,                 9.4484,                 3.7148,                 4.2241,                 0.0055,                   0.22,                0.00467,                0.00156,                0.00172,                0.06889,                0.00093,                0.00023,                 3.1799,                  5.172,                 3.7525,                 4.1586,                0.00014,                0.00014,                0.00014
                      2,                 3.5817,                 7.9258,                  3.728,                 4.2113,                0.00422,                0.16889,                0.00357,                0.00109,                0.00178,                0.07111,                0.00097,                0.00022,                 3.1799,                 5.1576,                 3.7414,                 4.1561,             0.00029851,             0.00029851,             0.00029851
                      3,                 3.6593,                  4.082,                 3.2835,                  4.092,                0.00544,                0.21778,                0.00456,                0.00153,                0.00211,                0.08444,                0.00133,                 0.0004,                 3.1782,                 5.0731,                 3.6731,                 4.1456,             0.00045545,             0.00045545,             0.00045545
                      4,                 3.4506,                 3.4157,                 2.9993,                 3.9066,                0.00533,                0.21333,                0.00553,                0.00178,                0.00211,                0.08444,                0.00166,                0.00038,                 3.2055,                  4.704,                 3.5024,                 4.1207,             0.00061079,             0.00061079,             0.00061079
                      5,                 3.1716,                 3.1295,                  2.802,                 3.6577,                0.01006,                0.40222,                0.00859,                0.00314,                0.00906,                0.36222,                0.00752,                0.00219,                 3.3146,                  4.322,                 3.5111,                 4.1181,             0.00076456,             0.00076456,             0.00076456
                      6,                 3.0356,                 3.0041,                 2.6984,                 3.4203,                0.02594,                0.08667,                0.01043,                0.00338,                0.00106,                0.04222,                0.00055,                0.00013,                 3.3125,                 4.3399,                 4.1022,                 3.6274,             0.00091674,             0.00091674,             0.00091674
                      7,                 2.8455,                 2.9086,                 2.6214,                 3.2584,                0.00567,                0.03333,                0.00288,                0.00095,                0.00339,                0.12889,                0.00193,                0.00041,                 3.4103,                  4.159,                    inf,                 3.9841,              0.0010673,              0.0010673,              0.0010673
                      8,                 2.7701,                 2.9371,                  2.557,                 3.1344,                0.00117,                0.04667,                0.00062,                0.00017,                0.00133,                0.05333,                0.00071,                 0.0002,                 4.1769,                 85.839,                 6.3838,                 6.2473,              0.0012163,              0.0012163,              0.0012163
                      9,                 2.6494,                 2.8627,                 2.4652,                 3.0495,                0.04348,                0.01333,                 0.0224,                0.00525,                      0,                      0,                      0,                      0,                 3.3838,                 53.488,                  6.732,                 4.5614,              0.0013638,              0.0013638,              0.0013638
                     10,                  2.534,                 2.8059,                 2.3603,                  2.945,                0.00059,                0.00222,                0.00015,                  3e-05,                0.00059,                0.00222,                0.00021,                  5e-05,                 4.7423,                 106.28,                    inf,                 8.1452,              0.0015096,              0.0015096,              0.0015096
                     11,                 2.4864,                 2.8314,                 2.2741,                 2.8672,                0.01149,                0.07111,                0.00651,                0.00208,                0.00108,                0.00667,                0.00055,                  9e-05,                 3.8403,                 22.398,                 6.5664,                  4.849,              0.0016539,              0.0016539,              0.0016539
                     12,                 2.4966,                 2.8598,                  2.275,                 2.8134,                0.03341,                   0.04,                0.00632,                0.00192,                0.02757,                0.01556,                 0.0023,                0.00048,                 3.6755,                 25.046,                 3.8687,                 4.3661,              0.0017965,              0.0017965,              0.0017965
                     13,                 2.3487,                 2.7387,                 2.1668,                 2.7085,                0.07084,                0.11556,                0.03146,                0.01115,                0.08723,                0.07111,                0.02643,                0.00761,                 3.0342,                 5.2824,                 5.6568,                 3.8433,              0.0018812,              0.0018812,              0.0018812
                     14,                 2.2871,                 2.6689,                 2.1025,                 2.6273,                0.06152,                   0.16,                0.03217,                0.00973,                0.07814,                0.08222,                0.02557,                0.00555,                 3.1502,                 29.401,                 10.876,                 4.1409,              0.0018812,              0.0018812,              0.0018812
                     15,                  2.262,                 2.6933,                 2.0774,                 2.5867,                0.08528,                0.16222,                0.04601,                 0.0174,                0.07477,                0.14222,                0.03679,                 0.0102,                 3.1617,                 12.373,                  10.09,                 4.0277,              0.0018713,              0.0018713,              0.0018713
                     16,                 2.1527,                 2.7177,                 1.9933,                 2.4928,                0.07525,                0.11111,                0.03205,                0.01117,                0.07251,                0.08889,                0.02257,                 0.0057,                 3.1005,                 6.1844,                 5.0788,                 3.6967,              0.0018614,              0.0018614,              0.0018614
                     17,                 2.1149,                 2.6817,                 1.8713,                  2.435,                0.31736,                0.23333,                0.17742,                0.06247,                0.25243,                0.21333,                0.13924,                0.04008,                 2.6507,                 4.1982,                 5.1949,                 3.1879,              0.0018515,              0.0018515,              0.0018515
                     18,                 2.0754,                 2.5474,                 1.8424,                 2.3977,                0.27033,                0.25778,                0.18196,                0.07716,                0.20602,                0.25778,                0.14421,                0.04599,                 2.5113,                 4.5877,                  6.497,                 2.9879,              0.0018416,              0.0018416,              0.0018416
                     19,                 2.0073,                 2.5499,                  1.797,                 2.3278,                0.37068,                0.31556,                0.25329,                 0.1016,                0.36301,                0.29556,                  0.237,                0.08985,                 2.4558,                 3.3425,                 3.2053,                 2.8315,              0.0018317,              0.0018317,              0.0018317
                     20,                 1.9783,                 2.5272,                 1.7274,                 2.2888,                0.43214,                0.26222,                0.26045,                0.10022,                0.44826,                0.25778,                0.25143,                0.09074,                 2.4356,                 3.5544,                 3.8024,                 2.8967,              0.0018218,              0.0018218,              0.0018218
                     21,                 1.9478,                 2.4989,                 1.7098,                 2.2433,                0.52012,                0.35778,                0.36588,                0.16524,                0.49105,                0.33778,                0.32933,                0.12408,                 2.1473,                 2.9856,                 3.1805,                 2.5761,              0.0018119,              0.0018119,              0.0018119
                     22,                 1.8838,                 2.4534,                 1.6139,                 2.2118,                0.50597,                0.43243,                0.40848,                0.19266,                0.49953,                0.42889,                0.39248,                0.16256,                 2.0936,                 2.9697,                 2.5845,                 2.5632,               0.001802,               0.001802,               0.001802
                     23,                 1.8525,                 2.4445,                 1.6365,                   2.19,                0.57738,                0.39556,                0.40869,                0.19688,                0.57683,                0.37556,                  0.395,                0.17304,                 2.0905,                  2.721,                 2.3531,                 2.5077,              0.0017921,              0.0017921,              0.0017921
                     24,                 1.8968,                 2.5281,                 1.6946,                 2.2183,                0.49919,                0.38222,                0.36837,                0.17494,                0.49568,                0.36693,                0.36029,                0.15312,                 2.0127,                 2.7038,                 2.4067,                 2.4646,              0.0017822,              0.0017822,              0.0017822
                     25,                 1.7822,                  2.352,                 1.5154,                 2.0928,                0.55354,                0.40222,                0.39991,                0.19374,                0.52098,                0.37333,                0.35607,                0.16627,                 2.0682,                 2.8187,                 2.6441,                  2.479,              0.0017723,              0.0017723,              0.0017723
                     26,                 1.7999,                 2.4162,                  1.578,                 2.1219,                0.51052,                0.33608,                0.35374,                0.16841,                0.50017,                0.33356,                0.32837,                 0.1394,                 2.0454,                  2.607,                 2.4425,                 2.4455,              0.0017624,              0.0017624,              0.0017624
                     27,                 1.7275,                 2.3699,                  1.477,                 2.0567,                0.56983,                0.39778,                 0.4186,                0.21892,                 0.5571,                0.38889,                0.39529,                0.17832,                 2.0158,                 2.6421,                 2.0151,                 2.3586,              0.0017525,              0.0017525,              0.0017525
                     28,                 1.7748,                 2.2923,                 1.4727,                 2.0585,                0.59881,                0.43778,                0.48268,                0.24823,                0.64353,                0.42667,                 0.4749,                0.23549,                 1.8804,                 2.4925,                 1.8862,                 2.2854,              0.0017426,              0.0017426,              0.0017426
                     29,                 1.7155,                 2.3534,                 1.4705,                 2.0244,                0.55521,                0.44382,                0.46013,                0.23347,                0.56927,                0.41556,                 0.4338,                0.19657,                 1.9067,                 2.6721,                 2.0345,                 2.2861,              0.0017327,              0.0017327,              0.0017327
                     30,                 1.7119,                 2.2728,                  1.434,                 2.0264,                0.61466,                0.48222,                0.49996,                0.27268,                0.62438,                0.47778,                0.48428,                0.24335,                 1.8264,                 2.5175,                 1.9436,                 2.2564,              0.0017228,              0.0017228,              0.0017228
                     31,                 1.7006,                 2.3198,                 1.4095,                 2.0165,                0.59661,                   0.44,                0.47657,                 0.2404,                0.58134,                0.42444,                0.44999,                0.20501,                 1.8954,                 2.5563,                 1.8087,                 2.3164,              0.0017129,              0.0017129,              0.0017129
                     32,                 1.6384,                 2.2803,                 1.4013,                 1.9545,                0.60703,                0.42909,                0.48589,                0.25939,                0.61676,                   0.44,                0.47417,                0.22715,                 1.8302,                 2.5683,                 1.9037,                 2.2268,               0.001703,               0.001703,               0.001703
                     33,                 1.6863,                 2.3349,                 1.4308,                 1.9823,                0.52406,                0.46444,                 0.4627,                0.24392,                0.53158,                0.47111,                0.46103,                0.22103,                 1.7638,                 2.6036,                 1.9637,                 2.1773,              0.0016931,              0.0016931,              0.0016931
                     34,                 1.6265,                 2.2406,                 1.3634,                 1.9504,                0.63102,                0.43778,                0.46168,                0.25468,                0.62652,                0.42889,                0.44464,                0.21098,                  1.832,                 2.5088,                 2.0295,                 2.2858,              0.0016832,              0.0016832,              0.0016832
                     35,                 1.6175,                 2.2333,                 1.3644,                 1.9168,                 0.5978,                0.45778,                0.50194,                0.27043,                0.59557,                0.46222,                0.49428,                0.25321,                 1.8001,                 2.4293,                 1.7429,                 2.2178,              0.0016733,              0.0016733,              0.0016733
                     36,                 1.6335,                 2.2481,                 1.3294,                 1.9133,                0.68285,                0.41627,                0.47813,                0.24465,                0.68918,                0.42376,                0.47332,                0.22526,                 1.8417,                 2.4496,                 1.8347,                 2.2283,              0.0016634,              0.0016634,              0.0016634
                     37,                 1.6299,                 2.2224,                  1.381,                  1.909,                0.60578,                0.37778,                0.42169,                0.22994,                0.67646,                0.34889,                0.41697,                0.21335,                 1.8923,                 2.6712,                 1.9335,                  2.285,              0.0016535,              0.0016535,              0.0016535
                     38,                 1.5916,                 2.2286,                 1.2871,                 1.8713,                0.66967,                0.50007,                0.54165,                0.30075,                0.65958,                0.48653,                0.52896,                 0.2653,                 1.6836,                 2.4786,                 1.6548,                  2.083,              0.0016436,              0.0016436,              0.0016436
                     39,                  1.589,                 2.2075,                  1.266,                 1.8896,                0.62859,                0.50021,                0.54647,                0.29035,                 0.6098,                0.48222,                0.52035,                0.26507,                 1.8045,                 2.3991,                  1.922,                 2.2139,              0.0016337,              0.0016337,              0.0016337
                     40,                 1.5422,                 2.1655,                  1.256,                 1.8379,                0.67934,                0.53778,                0.59049,                0.32768,                0.68433,                0.52992,                0.57134,                0.29663,                  1.659,                 2.3537,                 1.5906,                 2.0546,              0.0016238,              0.0016238,              0.0016238
                     41,                 1.5722,                 2.1657,                 1.2482,                 1.8486,                0.67969,                0.50222,                0.58707,                0.33888,                0.69214,                0.49778,                0.58033,                0.29517,                 1.6328,                 2.3623,                 1.5961,                 2.0163,              0.0016139,              0.0016139,              0.0016139
                     42,                 1.5742,                 2.2296,                 1.2326,                 1.8212,                   0.67,                0.54143,                0.59064,                0.33876,                0.65548,                0.54889,                0.58237,                0.30005,                 1.6676,                 2.3827,                 1.6963,                 2.0277,               0.001604,               0.001604,               0.001604
                     43,                 1.5857,                 2.1671,                 1.2437,                 1.8673,                0.68149,                0.56582,                0.62148,                0.34881,                0.67614,                0.56137,                0.61714,                0.31684,                 1.6794,                 2.3065,                 1.5288,                 2.0051,              0.0015941,              0.0015941,              0.0015941
                     44,                 1.5363,                 2.1106,                 1.2382,                 1.8129,                0.63105,                0.45111,                0.50152,                0.28969,                 0.6381,                0.43556,                0.49349,                0.24619,                 1.6881,                 2.3506,                 1.7046,                 2.1015,              0.0015842,              0.0015842,              0.0015842
                     45,                 1.5014,                 2.1472,                 1.2078,                 1.8015,                0.68662,                0.53111,                0.57642,                0.33269,                0.74661,                0.49764,                0.56985,                0.30373,                 1.6597,                 2.4124,                  1.573,                 2.0242,              0.0015743,              0.0015743,              0.0015743
                     46,                 1.5106,                 2.2335,                 1.2005,                 1.7992,                0.65265,                 0.5595,                0.59367,                0.34302,                0.65521,                0.56444,                0.59454,                0.30363,                 1.6344,                 2.2756,                 1.4599,                 2.0194,              0.0015644,              0.0015644,              0.0015644
                     47,                 1.4807,                 2.0873,                 1.1364,                 1.7833,                0.70559,                0.52889,                0.58864,                0.34957,                0.71495,                0.52889,                 0.5899,                0.31337,                 1.6088,                 2.2718,                 1.5332,                 1.9924,              0.0015545,              0.0015545,              0.0015545
                     48,                  1.449,                 2.0663,                 1.1397,                 1.7597,                 0.7104,                0.53422,                0.58889,                0.33306,                0.76391,                0.51333,                0.58605,                0.29361,                 1.6473,                 2.3245,                 1.5182,                 2.0134,              0.0015446,              0.0015446,              0.0015446
                     49,                 1.4417,                 2.1537,                 1.1294,                 1.7486,                0.75687,                0.53333,                0.60676,                0.34663,                0.75008,                0.53111,                 0.5945,                0.30599,                 1.6138,                 2.3246,                 1.5367,                 1.9801,              0.0015347,              0.0015347,              0.0015347
                     50,                 1.4467,                 2.0618,                 1.1594,                 1.7609,                0.66316,                0.59778,                0.62789,                0.35592,                0.67147,                0.59954,                0.62455,                0.33061,                 1.6602,                 2.2602,                 1.5666,                 1.9907,              0.0015248,              0.0015248,              0.0015248
                     51,                  1.458,                 2.0638,                  1.157,                 1.7495,                0.63232,                0.55778,                0.58714,                0.33914,                0.63552,                0.55111,                0.58109,                0.30596,                 1.6181,                 2.2248,                 1.4879,                 1.9598,              0.0015149,              0.0015149,              0.0015149
                     52,                 1.4931,                 2.0905,                 1.1477,                 1.7552,                0.62083,                0.52032,                 0.5663,                0.31368,                0.66918,                0.50794,                0.56044,                0.27386,                 1.6854,                 2.2969,                 1.6254,                 2.0473,               0.001505,               0.001505,               0.001505
                     53,                 1.4577,                 2.0709,                 1.1447,                 1.7452,                0.64371,                0.57012,                0.60598,                0.35607,                0.63825,                0.56444,                0.59504,                0.31596,                 1.5729,                 2.2167,                 1.3897,                 1.9281,              0.0014951,              0.0014951,              0.0014951
                     54,                 1.4402,                 2.0687,                 1.1202,                 1.7243,                 0.7236,                0.52889,                0.60808,                 0.3438,                0.71596,                0.52222,                 0.6024,                0.30089,                  1.668,                 2.2541,                 1.3874,                 1.9651,              0.0014852,              0.0014852,              0.0014852
                     55,                 1.4626,                  2.087,                 1.1249,                 1.7646,                0.69333,                0.55264,                0.61817,                0.35438,                0.69164,                0.54889,                0.60846,                0.31421,                 1.6242,                 2.1944,                 1.3783,                 1.9834,              0.0014753,              0.0014753,              0.0014753
                     56,                 1.4283,                 2.0764,                 1.1029,                 1.7186,                 0.7869,                0.52889,                0.63804,                0.38611,                0.79205,                0.52667,                0.62929,                 0.3379,                 1.5316,                 2.1726,                 1.3135,                 1.9406,              0.0014654,              0.0014654,              0.0014654
                     57,                 1.3695,                 1.9462,                 1.0766,                 1.6612,                0.75258,                0.61509,                0.67035,                0.38799,                0.77243,                0.59111,                0.65915,                 0.3375,                 1.5652,                 2.2744,                 1.3081,                 1.9061,              0.0014555,              0.0014555,              0.0014555
                     58,                 1.4053,                 2.0161,                 1.0871,                  1.707,                0.76301,                0.51778,                0.61562,                0.35213,                0.77668,                0.52444,                0.61242,                0.31069,                 1.5906,                 2.2206,                 1.3933,                 1.9785,              0.0014456,              0.0014456,              0.0014456
                     59,                 1.4178,                 2.0366,                 1.0583,                 1.6945,                0.73044,                0.59012,                0.64401,                0.36156,                0.75404,                0.59333,                0.64726,                 0.3312,                 1.6047,                 2.2081,                 1.4631,                 1.9541,              0.0014357,              0.0014357,              0.0014357
                     60,                  1.364,                 1.9512,                 1.0442,                 1.6674,                0.67004,                   0.58,                0.64123,                0.38829,                0.67829,                0.58667,                0.63882,                0.35502,                 1.5162,                 2.1816,                 1.3392,                 1.8938,              0.0014258,              0.0014258,              0.0014258
                     61,                 1.3802,                 2.0081,                 1.0558,                  1.685,                0.73069,                0.59111,                0.65176,                0.39315,                0.73069,                0.59111,                 0.6584,                0.35642,                 1.5197,                 2.1519,                 1.3629,                 1.8895,              0.0014159,              0.0014159,              0.0014159
                     62,                  1.384,                  2.017,                 1.0633,                   1.69,                0.69002,                0.55778,                0.62399,                0.36311,                0.67643,                0.54889,                0.60627,                0.32847,                 1.6054,                 2.2223,                 1.4356,                 1.9249,               0.001406,               0.001406,               0.001406
                     63,                 1.3688,                 1.9287,                 1.0093,                 1.6493,                0.71669,                0.57778,                0.65374,                0.37403,                0.72367,                 0.5645,                 0.6408,                0.34604,                 1.5469,                 2.2393,                 1.3093,                 1.9025,              0.0013961,              0.0013961,              0.0013961
                     64,                  1.374,                 1.9931,                 1.0402,                 1.6587,                0.78352,                0.57333,                 0.6727,                0.38094,                 0.8106,                0.51111,                0.64454,                0.33674,                 1.6004,                 2.2154,                  1.277,                 1.9295,              0.0013862,              0.0013862,              0.0013862
                     65,                 1.3437,                 1.9026,                 1.0045,                 1.6577,                0.79604,                0.55333,                0.63926,                0.37548,                0.78121,                0.55111,                0.62459,                0.33911,                 1.5428,                 2.2224,                  1.373,                   1.87,              0.0013763,              0.0013763,              0.0013763
                     66,                 1.4106,                 1.9967,                   1.05,                 1.6828,                0.78831,                0.57926,                0.66112,                0.40107,                0.75231,                0.57371,                0.64978,                0.35833,                 1.5517,                 2.3141,                 1.3356,                 1.9026,              0.0013664,              0.0013664,              0.0013664
                     67,                 1.3593,                 1.9894,                 1.0091,                 1.6723,                 0.7947,                0.58222,                0.68364,                0.41704,                0.78913,                 0.5738,                0.66413,                0.36503,                 1.4812,                 2.1641,                 1.1882,                 1.8517,              0.0013565,              0.0013565,              0.0013565
                     68,                 1.2878,                 1.9233,                0.97281,                 1.6132,                0.77389,                0.61333,                0.68533,                0.41158,                0.77109,                0.61111,                0.67909,                0.36288,                 1.5028,                 2.1812,                 1.2711,                 1.8563,              0.0013466,              0.0013466,              0.0013466
                     69,                 1.3185,                 1.9158,                0.97893,                 1.6043,                0.76595,                    0.6,                0.67996,                0.41486,                0.79662,                0.57778,                0.67158,                0.37108,                 1.4794,                 2.2012,                 1.2267,                 1.8498,              0.0013367,              0.0013367,              0.0013367
                     70,                 1.3613,                 1.8829,                0.98984,                 1.6266,                0.80271,                0.61481,                0.68276,                0.41642,                0.79858,                0.61675,                0.68096,                0.37004,                 1.4787,                 2.1194,                 1.1684,                 1.8588,              0.0013268,              0.0013268,              0.0013268
                     71,                 1.3289,                 1.9354,                0.98744,                 1.6196,                0.77344,                    0.6,                 0.6847,                 0.4135,                0.78615,                0.58004,                0.65876,                0.35741,                 1.4765,                 2.1822,                 1.1804,                 1.8225,              0.0013169,              0.0013169,              0.0013169
                     72,                 1.2774,                 1.8998,                 0.9336,                 1.5795,                0.71297,                0.61778,                0.68662,                0.41689,                0.75287,                0.59556,                 0.6767,                0.36135,                 1.4328,                 2.1741,                 1.2166,                 1.8031,               0.001307,               0.001307,               0.001307
                     73,                 1.3306,                 1.9645,                0.96368,                 1.6277,                0.79844,                0.60667,                0.69553,                 0.4289,                  0.788,                0.59778,                0.68269,                0.38965,                 1.4526,                 2.1093,                 1.1274,                 1.7976,              0.0012971,              0.0012971,              0.0012971
                     74,                 1.3308,                 1.9288,                0.98975,                 1.6224,                0.74056,                0.58667,                0.64718,                0.37251,                0.72881,                0.54943,                0.61344,                0.33395,                 1.5755,                 2.1875,                 1.3223,                 1.9137,              0.0012872,              0.0012872,              0.0012872
                     75,                 1.3536,                 1.9329,                 1.0012,                  1.664,                0.79166,                0.55111,                0.65922,                 0.3993,                0.79741,                0.55104,                 0.6472,                0.34962,                 1.5063,                 2.1491,                 1.2394,                 1.8814,              0.0012773,              0.0012773,              0.0012773
                     76,                 1.3437,                 1.8908,                0.98956,                 1.6213,                0.66808,                0.62444,                0.66816,                0.38844,                  0.668,                0.61256,                0.65306,                0.35772,                 1.4889,                 2.1336,                 1.2823,                 1.8149,              0.0012674,              0.0012674,              0.0012674
                     77,                  1.261,                 1.8619,                0.95654,                 1.5714,                0.79859,                0.59333,                0.71055,                0.44215,                 0.8291,                0.59111,                 0.7053,                0.39587,                 1.4065,                 2.0684,                 1.0718,                 1.7912,              0.0012575,              0.0012575,              0.0012575
                     78,                 1.2805,                 1.8448,                0.95596,                  1.607,                0.72899,                0.65111,                0.70603,                   0.43,                0.75154,                0.63556,                0.70215,                0.37414,                 1.4371,                 2.1194,                 1.1609,                 1.7954,              0.0012476,              0.0012476,              0.0012476
                     79,                 1.3032,                 1.9053,                0.95783,                 1.5895,                0.74992,                0.62641,                0.70375,                0.41491,                0.77944,                0.59556,                 0.6932,                0.37636,                   1.48,                 2.0731,                 1.1596,                 1.8535,              0.0012377,              0.0012377,              0.0012377
                     80,                 1.3083,                  1.836,                0.96568,                 1.5818,                0.67765,                0.56058,                0.63356,                0.37987,                0.68392,                0.54444,                0.61823,                0.32949,                 1.4895,                 2.2046,                 1.2795,                 1.8422,              0.0012278,              0.0012278,              0.0012278
                     81,                 1.2518,                 1.8223,                0.95076,                 1.5602,                0.75596,                0.62444,                0.70155,                 0.4179,                0.77143,                0.59111,                0.68151,                0.35914,                 1.4294,                 2.1303,                 1.1192,                 1.7712,              0.0012179,              0.0012179,              0.0012179
                     82,                 1.2819,                 1.8348,                0.92133,                 1.5733,                0.74473,                0.57778,                0.67507,                0.39216,                0.80324,                0.55111,                0.67387,                0.35687,                 1.4988,                 2.1504,                  1.213,                 1.8523,               0.001208,               0.001208,               0.001208
                     83,                 1.2464,                 1.9057,                0.91135,                  1.545,                0.77293,                 0.6127,                   0.69,                0.41997,                0.75265,                0.60889,                0.67437,                0.36587,                  1.434,                 2.1283,                 1.1768,                 1.7984,              0.0011981,              0.0011981,              0.0011981
                     84,                 1.2902,                 1.8516,                0.90376,                 1.5603,                0.76524,                0.64469,                0.72813,                0.45527,                0.80683,                    0.6,                0.70388,                0.39329,                 1.4127,                 2.1281,                 1.0407,                 1.7717,              0.0011882,              0.0011882,              0.0011882
                     85,                 1.2566,                 1.8337,                0.90831,                 1.5778,                0.75735,                0.64444,                0.71322,                0.41263,                0.77447,                0.60285,                0.68971,                0.36671,                 1.5253,                 2.1561,                 1.1313,                  1.857,              0.0011783,              0.0011783,              0.0011783
                     86,                 1.2864,                 1.8056,                0.93075,                 1.5846,                0.81874,                0.62234,                0.72523,                0.44281,                0.82672,                0.62222,                0.70746,                0.39561,                 1.4067,                 2.1456,                 1.0669,                 1.7648,              0.0011684,              0.0011684,              0.0011684
                     87,                  1.255,                 1.7444,                0.89393,                 1.5381,                0.77271,                0.61193,                0.70037,                0.42793,                0.76754,                0.60167,                0.69037,                0.38212,                 1.4343,                 2.0254,                 1.1312,                 1.8174,              0.0011585,              0.0011585,              0.0011585
                     88,                  1.267,                 1.8198,                0.89264,                 1.5557,                0.74169,                0.63333,                0.69912,                0.41102,                0.76393,                0.61556,                0.68513,                0.35436,                 1.5082,                 2.1214,                 1.1726,                  1.808,              0.0011486,              0.0011486,              0.0011486
                     89,                 1.2916,                 1.7764,                0.91087,                 1.5807,                0.71585,                0.61333,                0.68823,                0.42245,                0.73043,                0.60667,                0.67953,                 0.3753,                 1.4126,                 2.0999,                 1.1224,                  1.758,              0.0011387,              0.0011387,              0.0011387
                     90,                 1.2894,                 1.8001,                 0.9309,                 1.5632,                0.73645,                0.67778,                0.72534,                0.44402,                0.72637,                0.66889,                0.69676,                0.39078,                 1.4173,                 2.0804,                 1.0524,                 1.7786,              0.0011288,              0.0011288,              0.0011288
                     91,                 1.2615,                 1.8258,                0.93864,                 1.5388,                0.78014,                0.60889,                0.71195,                0.42349,                 0.7701,                0.60296,                0.67778,                0.36716,                 1.4842,                 2.1643,                 1.1152,                 1.8296,              0.0011189,              0.0011189,              0.0011189
                     92,                 1.2411,                 1.7584,                 0.8955,                 1.5144,                0.78575,                0.65111,                0.73724,                0.45501,                0.80942,                 0.6418,                0.72952,                0.41008,                 1.3746,                   2.02,                 1.0606,                 1.7182,               0.001109,               0.001109,               0.001109
                     93,                 1.1889,                 1.7088,                0.86772,                 1.4924,                 0.7493,                0.54444,                0.63669,                0.39924,                0.79959,                 0.5231,                0.62177,                0.34371,                 1.4326,                 2.2317,                 1.2736,                 1.7927,              0.0010991,              0.0010991,              0.0010991
                     94,                 1.1678,                 1.7339,                0.82718,                 1.4907,                0.81508,                0.59748,                0.71153,                0.42746,                0.82139,                0.57778,                0.68334,                0.38299,                 1.4683,                 2.1697,                 1.0832,                 1.8213,              0.0010892,              0.0010892,              0.0010892
                     95,                 1.2146,                 1.8216,                 0.8586,                 1.5221,                0.81866,                0.65333,                0.75193,                0.46649,                0.79638,                0.63556,                0.72761,                0.40398,                 1.3733,                 2.0592,                 1.0195,                 1.7224,              0.0010793,              0.0010793,              0.0010793
                     96,                 1.1964,                 1.7571,                0.85046,                 1.5004,                 0.8096,                0.66444,                0.74792,                0.45966,                0.80353,                0.65438,                0.73113,                0.40662,                 1.4092,                 2.0663,                0.99165,                 1.7502,              0.0010694,              0.0010694,              0.0010694
                     97,                 1.1576,                 1.7505,                0.79908,                 1.4753,                0.69928,                0.55556,                0.62833,                0.37454,                0.73536,                0.52667,                0.60984,                0.34546,                  1.577,                 2.2808,                 1.3086,                 1.8695,              0.0010595,              0.0010595,              0.0010595
                     98,                 1.2186,                 1.7437,                0.84781,                 1.4921,                0.80343,                0.65556,                0.73962,                0.45691,                0.80465,                0.64444,                0.72826,                0.39377,                 1.4107,                 2.0365,                 1.0098,                 1.7947,              0.0010496,              0.0010496,              0.0010496
                     99,                 1.2023,                 1.7686,                0.85937,                 1.4916,                0.78691,                0.64829,                0.74791,                0.46205,                0.78925,                0.64914,                0.72558,                0.40136,                 1.4183,                 2.1485,                0.98474,                 1.7524,              0.0010397,              0.0010397,              0.0010397
                    100,                 1.1691,                 1.6668,                0.81526,                 1.4668,                0.80095,                0.68667,                0.76483,                0.48373,                0.80152,                0.66222,                0.74193,                0.42286,                 1.3674,                 2.1271,                0.96422,                 1.7004,              0.0010298,              0.0010298,              0.0010298
                    101,                 1.1632,                 1.7109,                0.81877,                 1.4671,                0.79805,                0.65864,                 0.7364,                0.46093,                0.81412,                0.64237,                0.72642,                0.40376,                 1.3676,                 2.0037,                 1.0185,                 1.7402,              0.0010199,              0.0010199,              0.0010199
                    102,                 1.1532,                 1.6982,                0.82591,                 1.4689,                0.83786,                0.62222,                0.73461,                0.46351,                0.82888,                0.61556,                0.72154,                0.39967,                 1.3655,                 2.0512,                 1.0361,                 1.7377,                0.00101,                0.00101,                0.00101
                    103,                 1.1512,                 1.7156,                0.82956,                 1.4632,                0.82583,                0.63222,                0.72747,                0.45082,                0.80369,                0.61866,                0.70635,                0.39915,                 1.4101,                  2.152,                 1.0592,                 1.7653,              0.0010001,              0.0010001,              0.0010001
                    104,                  1.173,                 1.7543,                0.83019,                 1.4661,                0.81136,                0.64222,                0.73494,                0.44412,                0.80757,                0.61553,                0.70805,                 0.3888,                  1.395,                 2.0933,                 1.0667,                 1.7159,              0.0009902,              0.0009902,              0.0009902
                    105,                 1.1828,                 1.7455,                0.84613,                 1.4602,                0.76478,                0.68222,                0.73721,                0.45941,                0.80467,                0.64667,                0.72521,                0.40796,                  1.357,                 2.0576,                 1.0095,                 1.7098,              0.0009803,              0.0009803,              0.0009803
                    106,                 1.1554,                 1.6999,                0.81789,                 1.4597,                0.82412,                0.65598,                0.74135,                 0.4709,                0.82616,                0.64423,                0.72241,                0.41583,                 1.3525,                 2.0114,                  1.005,                 1.7363,              0.0009704,              0.0009704,              0.0009704
                    107,                 1.1226,                 1.6507,                0.78578,                 1.4143,                0.81285,                0.67565,                0.75138,                0.47246,                0.81018,                0.67342,                0.73573,                0.41287,                 1.3974,                 2.0427,                 1.0075,                 1.7356,              0.0009605,              0.0009605,              0.0009605
                    108,                 1.1298,                 1.6952,                0.79477,                 1.4314,                0.82148,                0.66466,                0.75142,                0.46963,                0.82565,                0.65778,                0.74432,                0.42295,                 1.3613,                 2.0205,                0.99542,                 1.7289,              0.0009506,              0.0009506,              0.0009506
                    109,                 1.1394,                 1.6761,                0.78245,                 1.4404,                0.75275,                0.67111,                0.73679,                0.45411,                0.80242,                0.60889,                0.70649,                0.39277,                 1.3895,                 2.0055,                0.99964,                 1.7355,              0.0009407,              0.0009407,              0.0009407
                    110,                  1.176,                  1.701,                0.81987,                 1.4797,                0.82153,                   0.64,                0.74911,                0.47264,                0.81484,                0.63556,                 0.7291,                0.41392,                 1.3444,                 2.0599,                0.99311,                 1.7054,              0.0009308,              0.0009308,              0.0009308
                    111,                 1.1385,                  1.655,                 0.7876,                  1.413,                0.82515,                0.65019,                0.75467,                0.46768,                0.82147,                 0.6442,                0.74334,                 0.4254,                 1.3771,                 2.0384,                0.98439,                 1.7248,              0.0009209,              0.0009209,              0.0009209
                    112,                 1.1327,                 1.6707,                0.78471,                 1.4456,                0.76642,                0.69333,                0.75405,                0.46489,                0.76712,                0.66667,                0.73021,                0.40531,                  1.388,                 2.0686,                0.97478,                 1.7442,               0.000911,               0.000911,               0.000911
                    113,                 1.1145,                 1.6169,                0.77196,                 1.4342,                0.80083,                   0.68,                0.75152,                0.46199,                0.80457,                0.66667,                0.74366,                0.41979,                 1.3939,                 2.0554,                0.97991,                 1.7634,              0.0009011,              0.0009011,              0.0009011
                    114,                 1.1265,                 1.6409,                0.78395,                 1.4316,                0.78995,                   0.64,                0.72081,                0.43937,                0.79782,                0.62889,                0.70915,                 0.3874,                 1.4417,                 2.1475,                 1.0455,                 1.7837,              0.0008912,              0.0008912,              0.0008912
                    115,                 1.1177,                 1.6345,                0.76719,                 1.4241,                0.81167,                0.65126,                0.73596,                0.45182,                0.80785,                0.64464,                0.72645,                 0.4019,                 1.3961,                 2.0994,                 1.0442,                  1.749,              0.0008813,              0.0008813,              0.0008813
                    116,                 1.0975,                 1.6308,                0.76831,                 1.4117,                0.82484,                   0.68,                0.75847,                0.48781,                0.81724,                0.66577,                0.74166,                0.43769,                 1.3365,                 2.0339,                0.92354,                 1.6811,              0.0008714,              0.0008714,              0.0008714
                    117,                  1.113,                 1.6312,                0.76274,                 1.4095,                0.82151,                0.65459,                0.74218,                0.47142,                0.82075,                0.65122,                0.74109,                0.42719,                 1.3659,                 2.0139,                 0.9462,                 1.7269,              0.0008615,              0.0008615,              0.0008615
                    118,                 1.0899,                 1.6053,                0.76243,                  1.398,                0.77339,                0.67499,                0.74735,                0.46189,                 0.7836,                0.65778,                0.73102,                0.40588,                 1.3772,                 2.0679,                 1.0128,                 1.7201,              0.0008516,              0.0008516,              0.0008516
                    119,                 1.1115,                 1.6378,                0.76013,                 1.4208,                0.77858,                0.68444,                  0.754,                0.46995,                0.77941,                0.68444,                0.74714,                0.42151,                 1.4137,                 2.0831,                0.98086,                  1.742,              0.0008417,              0.0008417,              0.0008417
                    120,                 1.1043,                 1.5906,                0.75503,                 1.3931,                0.77135,                0.63333,                0.72969,                0.44753,                0.77509,                0.61265,                0.70211,                0.40672,                 1.4165,                 2.0509,                 1.0316,                 1.7803,              0.0008318,              0.0008318,              0.0008318
                    121,                 1.1251,                 1.6591,                0.78414,                 1.4204,                0.76578,                0.68444,                0.75616,                0.47175,                0.75625,                0.67568,                0.73839,                0.41585,                 1.3685,                  1.996,                0.94311,                 1.7599,              0.0008219,              0.0008219,              0.0008219
                    122,                 1.1031,                 1.6176,                 0.7275,                 1.4041,                0.81668,                0.65778,                  0.743,                0.45213,                 0.7958,                0.64667,                0.73166,                0.41046,                 1.4186,                 2.0343,                  0.999,                 1.7424,               0.000812,               0.000812,               0.000812
                    123,                 1.1512,                 1.6654,                0.78683,                 1.4706,                0.81699,                   0.64,                0.73871,                0.45387,                0.81607,                0.62222,                0.71985,                0.41084,                 1.4079,                 2.0109,                 1.0253,                 1.7543,              0.0008021,              0.0008021,              0.0008021
                    124,                 1.0985,                 1.6373,                0.75981,                 1.3938,                0.72092,                0.65111,                0.71713,                0.43814,                0.83589,                0.58222,                0.69416,                0.38632,                 1.3946,                 2.0487,                 1.0914,                 1.7494,              0.0007922,              0.0007922,              0.0007922
                    125,                  1.095,                 1.6251,                0.75962,                 1.4013,                0.83789,                0.65111,                0.75851,                0.47334,                0.79471,                0.67098,                0.74428,                0.41582,                 1.3656,                 2.0142,                0.95655,                 1.7099,              0.0007823,              0.0007823,              0.0007823
                    126,                 1.0703,                 1.5939,                0.74127,                 1.3819,                0.80432,                0.69419,                0.77698,                 0.4885,                0.80245,                0.68602,                0.75508,                0.43446,                 1.3424,                 1.9997,                0.91764,                 1.6952,              0.0007724,              0.0007724,              0.0007724
                    127,                 1.0927,                 1.5949,                0.72256,                 1.3892,                0.77491,                0.68222,                0.75989,                0.47024,                0.76806,                0.66966,                0.74007,                0.41701,                 1.3337,                 2.0107,                0.99405,                 1.7101,              0.0007625,              0.0007625,              0.0007625
                    128,                 1.0574,                 1.5514,                0.71428,                 1.3697,                0.76742,                0.69657,                0.76578,                0.48592,                0.79483,                0.66667,                0.74604,                0.43059,                 1.3622,                 2.0149,                0.93752,                 1.7079,              0.0007526,              0.0007526,              0.0007526
                    129,                 1.0888,                 1.5688,                0.72723,                  1.394,                0.77842,                0.62889,                0.72015,                0.44019,                0.77567,                0.62667,                0.70099,                0.39984,                 1.4018,                 1.9967,                 1.0539,                 1.7763,              0.0007427,              0.0007427,              0.0007427
                    130,                 1.0731,                 1.5164,                0.74117,                 1.3844,                0.85502,                0.67333,                0.77574,                0.49338,                0.85011,                0.66798,                0.75629,                0.44345,                 1.3079,                 1.9224,                0.90266,                 1.6599,              0.0007328,              0.0007328,              0.0007328
                    131,                 1.0603,                  1.563,                0.71636,                 1.3792,                0.80259,                0.68666,                 0.7751,                0.49831,                0.84002,                0.66444,                0.76267,                0.43495,                 1.3191,                 1.9695,                0.90624,                 1.6804,              0.0007229,              0.0007229,              0.0007229
                    132,                 1.0349,                 1.5356,                 0.7139,                 1.3534,                0.76885,                    0.7,                0.76601,                0.48464,                0.75743,                0.67778,                0.74114,                0.43092,                 1.3276,                 2.0079,                0.94558,                 1.6926,               0.000713,               0.000713,               0.000713
                    133,                 1.0641,                 1.6184,                0.75248,                 1.3864,                 0.8664,                0.66222,                0.77288,                0.48818,                0.86059,                0.65778,                0.76137,                0.44792,                 1.3381,                 2.0333,                0.90554,                 1.6693,              0.0007031,              0.0007031,              0.0007031
                    134,                 1.0494,                  1.527,                0.70222,                 1.3638,                0.88053,                0.62236,                0.76322,                0.47581,                0.86856,                0.61333,                0.74341,                0.41358,                   1.35,                 2.0169,                0.92425,                 1.6913,              0.0006932,              0.0006932,              0.0006932
                    135,                  1.043,                 1.5463,                0.69745,                 1.3686,                0.86217,                0.63945,                0.75973,                0.47474,                0.84675,                0.63556,                0.75046,                 0.4281,                 1.3373,                 2.0075,                0.92961,                  1.708,              0.0006833,              0.0006833,              0.0006833
                    136,                 1.0272,                 1.5316,                0.68873,                 1.3584,                0.82455,                0.66838,                0.76477,                0.48332,                 0.8285,                   0.66,                0.74659,                0.43114,                 1.3697,                 2.0571,                0.93286,                  1.705,              0.0006734,              0.0006734,              0.0006734
                    137,                 1.0643,                 1.6203,                0.69722,                 1.3562,                0.82852,                0.69791,                0.76774,                 0.4961,                0.81542,                0.68719,                0.75464,                0.42848,                  1.302,                 2.0124,                0.93326,                 1.6656,              0.0006635,              0.0006635,              0.0006635
                    138,                 1.0374,                 1.5571,                 0.6959,                 1.3442,                0.82975,                0.67111,                0.76072,                0.47575,                0.81134,                0.67111,                0.74631,                0.42874,                 1.3513,                 1.9955,                0.97698,                 1.6975,              0.0006536,              0.0006536,              0.0006536
                    139,                 1.0519,                 1.5747,                 0.7468,                 1.3849,                0.81194,                0.64281,                 0.7401,                0.47551,                0.85198,                   0.64,                 0.7453,                0.43053,                  1.365,                  2.064,                 1.0257,                 1.6979,              0.0006437,              0.0006437,              0.0006437
                    140,                 1.0277,                 1.5691,                0.69202,                 1.3345,                0.76773,                0.73111,                0.76556,                0.48749,                0.75888,                   0.72,                0.75412,                0.43232,                 1.3439,                 2.0499,                 0.9556,                 1.6924,              0.0006338,              0.0006338,              0.0006338
                    141,                 1.0312,                 1.5874,                0.68988,                 1.3597,                0.81772,                0.65778,                0.74916,                0.48445,                0.82257,                0.66444,                0.75388,                0.43333,                  1.321,                 2.0418,                0.96035,                  1.667,              0.0006239,              0.0006239,              0.0006239
                    142,                 1.0199,                 1.5233,                0.68423,                 1.3534,                0.81132,                0.68444,                0.75294,                0.48369,                0.81441,                0.68222,                0.75197,                0.43011,                 1.3288,                 2.0099,                0.93638,                 1.7051,               0.000614,               0.000614,               0.000614
                    143,                 1.0213,                 1.5368,                0.68662,                 1.3471,                0.81784,                0.69556,                0.76411,                0.50305,                0.82528,                    0.7,                0.76414,                0.45572,                 1.2986,                 1.9825,                0.90932,                 1.6767,              0.0006041,              0.0006041,              0.0006041
                    144,                 1.0021,                 1.4981,                0.66705,                 1.3432,                0.83119,                0.64555,                0.74995,                0.48308,                0.81577,                0.65927,                0.74533,                0.41537,                 1.3417,                 1.9874,                0.93272,                 1.6902,              0.0005942,              0.0005942,              0.0005942
                    145,                 1.0078,                 1.5504,                0.67297,                 1.3337,                0.78727,                0.70222,                0.76763,                0.49082,                0.77473,                0.68444,                0.74608,                0.43217,                 1.3045,                 1.9834,                0.91496,                 1.6685,              0.0005843,              0.0005843,              0.0005843
                    146,                0.99522,                 1.5269,                 0.6867,                 1.3228,                0.75123,                0.71131,                0.78091,                0.49771,                0.83186,                0.64868,                0.76506,                0.43805,                 1.3356,                 1.9706,                0.88926,                 1.6652,              0.0005744,              0.0005744,              0.0005744
                    147,                 1.0025,                 1.5288,                0.68386,                 1.3173,                0.77655,                0.67333,                0.75556,                0.48642,                 0.7969,                0.66889,                0.75729,                0.43237,                 1.3245,                 1.9998,                0.93375,                 1.6951,              0.0005645,              0.0005645,              0.0005645
                    148,                 1.0468,                 1.5263,                0.70972,                 1.3481,                0.85294,                0.64446,                0.75989,                0.48214,                0.84451,                0.63968,                 0.7425,                0.42732,                 1.3392,                 2.0024,                0.94131,                 1.6889,              0.0005546,              0.0005546,              0.0005546
                    149,                 1.0283,                 1.5202,                0.69314,                 1.3257,                 0.7822,                0.66889,                0.75259,                0.48308,                0.78308,                0.66889,                0.73976,                0.43631,                 1.3317,                 2.0029,                0.95402,                 1.7076,              0.0005447,              0.0005447,              0.0005447
                    150,                0.98699,                 1.4623,                0.68405,                 1.3251,                0.80375,                0.68261,                0.77139,                 0.5005,                0.80923,                0.68813,                0.76664,                0.43569,                 1.3006,                 1.9675,                0.89059,                 1.6864,              0.0005348,              0.0005348,              0.0005348
                    151,                0.97084,                  1.464,                0.64562,                 1.2982,                0.77009,                0.71333,                0.77345,                0.49594,                 0.7955,                0.69111,                0.76766,                0.44687,                 1.3422,                 2.0234,                0.88188,                 1.7129,              0.0005249,              0.0005249,              0.0005249
                    152,                 1.0017,                 1.5287,                0.66549,                 1.3245,                0.76948,                0.68222,                0.75664,                  0.488,                0.78226,                0.67333,                0.75269,                0.42761,                 1.3472,                 2.0501,                 0.9002,                 1.7298,               0.000515,               0.000515,               0.000515
                    153,                0.95975,                 1.4755,                0.65444,                 1.2951,                0.83839,                0.65333,                0.76388,                0.48921,                 0.8263,                0.67657,                0.76386,                 0.4363,                 1.3275,                 2.0588,                0.88279,                 1.6923,              0.0005051,              0.0005051,              0.0005051
                    154,                 1.0051,                 1.4891,                  0.677,                 1.3176,                0.87122,                0.62444,                0.76013,                0.48783,                 0.8708,                0.62905,                 0.7569,                0.43653,                 1.3402,                 2.0745,                0.92468,                 1.6719,              0.0004952,              0.0004952,              0.0004952
                    155,                0.96755,                 1.4813,                0.65338,                 1.2884,                0.78317,                0.66222,                0.74784,                0.47759,                0.81947,                0.63333,                0.74166,                0.42375,                 1.3213,                 2.0534,                0.95796,                 1.6924,              0.0004853,              0.0004853,              0.0004853
                    156,                 0.9748,                 1.4319,                0.65979,                 1.3096,                0.78409,                 0.6779,                0.75814,                0.48516,                 0.7918,                0.68457,                0.75261,                0.43413,                 1.3284,                 2.0162,                 0.9206,                 1.6909,              0.0004754,              0.0004754,              0.0004754
                    157,                0.97915,                 1.5314,                0.66731,                 1.3026,                0.74455,                0.74486,                0.77521,                0.48993,                0.74027,                0.73111,                0.76071,                0.43666,                  1.327,                 2.0724,                0.89949,                 1.6814,              0.0004655,              0.0004655,              0.0004655
                    158,                0.95729,                 1.5065,                0.62766,                 1.2788,                0.82289,                0.69176,                0.77136,                 0.4947,                0.83143,                0.68889,                0.76561,                0.44284,                 1.3077,                 2.0651,                0.89876,                 1.6809,              0.0004556,              0.0004556,              0.0004556
                    159,                0.94429,                 1.4491,                0.62923,                 1.2923,                0.83787,                0.69111,                0.77994,                0.50876,                0.85035,                0.68188,                0.76934,                0.44712,                 1.2896,                 2.0056,                0.86784,                 1.6567,              0.0004457,              0.0004457,              0.0004457
                    160,                0.96028,                 1.4785,                0.65302,                 1.2955,                0.84271,                0.67556,                0.76686,                0.49686,                0.85526,                0.66889,                0.74547,                0.43331,                 1.3299,                 1.9562,                 0.9005,                 1.6896,              0.0004358,              0.0004358,              0.0004358
                    161,                0.92821,                 1.4999,                0.62776,                 1.2845,                0.80083,                0.71111,                0.77411,                0.49927,                0.79878,                0.70889,                0.77224,                0.44864,                 1.3176,                 2.0124,                0.88007,                 1.6784,              0.0004259,              0.0004259,              0.0004259
                    162,                0.97858,                 1.4583,                0.63667,                 1.2779,                0.83474,                0.65778,                 0.7651,                0.49107,                0.83431,                0.66222,                0.76635,                0.43656,                 1.3104,                  2.006,                0.90363,                 1.6797,               0.000416,               0.000416,               0.000416
                    163,                0.95246,                 1.4763,                0.63301,                 1.2807,                 0.8174,                0.68889,                0.77117,                0.50081,                0.84261,                0.67333,                0.76359,                0.44634,                 1.3086,                  1.997,                0.89158,                 1.6913,              0.0004061,              0.0004061,              0.0004061
                    164,                0.94722,                 1.4451,                0.61554,                 1.2842,                0.84657,                0.64985,                0.76592,                0.49889,                0.83877,                0.64667,                0.74281,                0.43395,                  1.307,                 2.0061,                0.88076,                 1.7116,              0.0003962,              0.0003962,              0.0003962
                    165,                0.95463,                 1.4434,                0.64163,                 1.3052,                0.81798,                0.69111,                0.76908,                0.49803,                0.81884,                0.69333,                0.76379,                0.43888,                 1.2908,                  1.987,                0.89532,                 1.6726,              0.0003863,              0.0003863,              0.0003863
                    166,                 0.9265,                 1.4478,                0.61476,                 1.2726,                0.82047,                0.68889,                0.76795,                0.50155,                0.83366,                 0.6905,                0.77672,                0.45096,                 1.2995,                 1.9621,                 0.8815,                 1.6656,              0.0003764,              0.0003764,              0.0003764
                    167,                0.94201,                 1.4759,                0.61874,                 1.2742,                0.83151,                0.68889,                0.77813,                0.50112,                0.82672,                0.68444,                0.77483,                0.44704,                 1.3052,                 1.9683,                0.89289,                 1.6774,              0.0003665,              0.0003665,              0.0003665
                    168,                0.92123,                 1.4245,                0.61103,                   1.26,                0.84925,                0.68222,                0.78046,                0.50767,                0.85657,                0.68667,                0.77879,                0.45528,                 1.2806,                 1.9188,                0.86103,                  1.652,              0.0003566,              0.0003566,              0.0003566
                    169,                0.97059,                 1.4801,                0.66468,                 1.2993,                0.80367,                0.71111,                0.77426,                0.50313,                0.82059,                0.70131,                0.76921,                0.45419,                 1.2982,                 2.0046,                0.85197,                  1.676,              0.0003467,              0.0003467,              0.0003467
                    170,                0.92171,                 1.4137,                0.60052,                 1.2528,                0.79192,                0.69333,                0.77495,                0.49398,                0.78627,                0.69111,                0.76208,                0.44063,                 1.3002,                  2.026,                0.86704,                 1.6718,              0.0003368,              0.0003368,              0.0003368
                    171,                0.92629,                 1.4481,                0.60389,                 1.2524,                0.82148,                0.69333,                0.78344,                0.51298,                0.83227,                0.70222,                0.79184,                0.45052,                 1.2714,                 1.9313,                 0.8295,                 1.6547,              0.0003269,              0.0003269,              0.0003269
                    172,                0.92568,                 1.3817,                0.61845,                 1.2591,                0.80676,                0.72444,                0.78343,                0.50783,                0.83888,                0.71735,                0.79278,                0.46098,                 1.3035,                 1.9486,                0.84106,                 1.6525,               0.000317,               0.000317,               0.000317
                    173,                0.93604,                 1.4145,                0.61059,                 1.2662,                0.78531,                0.70667,                0.76736,                0.50282,                0.79518,                0.71556,                0.77293,                0.45032,                  1.291,                 1.9475,                0.87475,                 1.6533,              0.0003071,              0.0003071,              0.0003071
                    174,                0.91612,                 1.4035,                0.59999,                 1.2714,                0.77545,                0.70601,                0.77965,                0.50852,                0.78521,                 0.7149,                0.77522,                0.46224,                 1.2925,                 1.9661,                0.86463,                 1.6616,              0.0002972,              0.0002972,              0.0002972
                    175,                0.93469,                 1.4349,                0.62744,                 1.2855,                0.84665,                0.67477,                0.77749,                0.51234,                0.82928,                0.68003,                 0.7712,                0.44986,                 1.2937,                 1.9332,                0.85743,                 1.6671,              0.0002873,              0.0002873,              0.0002873
                    176,                0.89929,                 1.3606,                0.59421,                 1.2398,                0.84936,                0.67556,                0.77998,                0.50451,                0.84507,                0.67556,                0.77694,                0.45357,                 1.3061,                  1.926,                0.86803,                 1.6731,              0.0002774,              0.0002774,              0.0002774
                    177,                0.91979,                 1.4093,                0.60081,                 1.2531,                0.87744,                0.65111,                0.77835,                 0.5048,                0.82331,                0.69556,                0.78043,                0.44803,                 1.2836,                 1.9469,                0.84682,                  1.662,              0.0002675,              0.0002675,              0.0002675
                    178,                0.90818,                 1.4267,                0.60091,                 1.2488,                0.88666,                0.65111,                0.77957,                0.49739,                0.89271,                0.65556,                0.77887,                0.45311,                 1.3062,                 1.9654,                0.84983,                 1.6848,              0.0002576,              0.0002576,              0.0002576
                    179,                0.90322,                 1.3877,                0.59578,                 1.2369,                0.82516,                   0.68,                0.77327,                0.49399,                0.81573,                0.68667,                0.76625,                0.43869,                 1.3203,                 1.9461,                0.87494,                 1.6995,              0.0002477,              0.0002477,              0.0002477
                    180,                0.90068,                  1.397,                0.59039,                 1.2462,                0.87453,                   0.64,                0.78173,                0.50132,                0.86916,                0.63476,                0.76947,                0.44543,                 1.2874,                  1.986,                  0.862,                 1.6524,              0.0002378,              0.0002378,              0.0002378
                    181,                0.88772,                 1.3844,                0.57352,                 1.2422,                0.80673,                0.69556,                0.78656,                0.50296,                0.82603,                0.69637,                0.78794,                0.45239,                 1.2881,                 1.9747,                0.83368,                 1.6484,              0.0002279,              0.0002279,              0.0002279
                    182,                0.90427,                 1.3841,                0.58723,                 1.2587,                0.76736,                  0.755,                 0.7925,                0.50924,                0.77932,                0.75111,                0.78633,                0.46107,                 1.2886,                 1.9844,                  0.843,                 1.6477,               0.000218,               0.000218,               0.000218
                    183,                 0.8651,                 1.3964,                0.57361,                 1.2202,                0.77945,                0.72252,                0.78338,                0.50424,                0.77945,                0.72252,                 0.7733,                0.44683,                 1.2974,                 2.0076,                0.86661,                 1.6732,              0.0002081,              0.0002081,              0.0002081
                    184,                0.87226,                 1.3578,                0.57714,                 1.2281,                0.79359,                0.71766,                0.78278,                0.49912,                0.83559,                0.67767,                0.77102,                0.44423,                 1.3152,                  1.966,                0.86969,                 1.6833,              0.0001982,              0.0001982,              0.0001982
                    185,                0.87825,                 1.3844,                0.57394,                 1.2277,                0.82076,                0.69778,                0.78911,                0.51283,                0.86424,                0.67556,                0.78334,                 0.4549,                 1.2907,                 1.9541,                0.84719,                 1.6551,              0.0001883,              0.0001883,              0.0001883
                    186,                0.87739,                 1.3537,                0.58067,                 1.2324,                0.78038,                0.71111,                 0.7759,                0.51336,                0.86992,                0.66889,                0.77121,                0.45557,                 1.2802,                 1.9879,                0.85291,                 1.6422,              0.0001784,              0.0001784,              0.0001784
                    187,                0.87827,                 1.4071,                0.58088,                 1.2332,                0.81006,                0.71078,                0.77925,                 0.5072,                0.81784,                0.70667,                0.77082,                0.45215,                  1.288,                 2.0101,                0.84683,                 1.6474,              0.0001685,              0.0001685,              0.0001685
                    188,                0.85275,                 1.3736,                0.56849,                 1.2282,                0.85597,                0.67355,                0.78473,                0.50782,                0.86175,                0.67876,                0.77355,                0.45191,                 1.3036,                 2.0147,                0.83599,                 1.6669,              0.0001586,              0.0001586,              0.0001586
                    189,                0.86685,                 1.3516,                0.55842,                 1.2066,                0.84078,                0.67778,                0.78191,                 0.5159,                0.84733,                0.69067,                0.77901,                0.45871,                 1.2937,                 2.0011,                0.83256,                 1.6674,              0.0001487,              0.0001487,              0.0001487
                    190,                0.89136,                 1.3836,                0.58821,                 1.2366,                0.83501,                0.68603,                0.78652,                0.51809,                0.81334,                0.71656,                0.77797,                0.45925,                 1.2877,                 1.9902,                0.83026,                 1.6667,              0.0001388,              0.0001388,              0.0001388
                    191,                0.83473,                  1.309,                0.60155,                 1.2056,                0.87228,                0.67111,                0.77828,                0.50634,                 0.8487,                0.68222,                0.76647,                 0.4464,                 1.3049,                  2.004,                 0.8506,                 1.6734,              0.0001289,              0.0001289,              0.0001289
                    192,                0.82851,                 1.3035,                0.54624,                 1.2126,                0.87307,                0.65333,                0.75892,                0.49517,                0.84032,                0.67556,                0.75585,                0.43742,                 1.3121,                 2.0046,                 0.9011,                 1.6831,               0.000119,               0.000119,               0.000119
                    193,                0.83562,                 1.3083,                0.55978,                 1.1994,                0.85456,                0.67111,                0.76617,                0.49642,                 0.8623,                0.66796,                0.75977,                0.43933,                 1.3087,                  2.008,                0.90873,                 1.6826,              0.0001091,              0.0001091,              0.0001091
                    194,                0.83302,                 1.3637,                0.55359,                 1.2234,                0.86366,                 0.6616,                0.77806,                0.50977,                0.85029,                0.67556,                0.77472,                0.45504,                 1.2914,                 2.0051,                0.86476,                 1.6699,               9.92e-05,               9.92e-05,               9.92e-05
                    195,                0.81265,                 1.2706,                0.52879,                 1.1894,                0.85196,                   0.68,                0.78141,                0.51463,                0.84944,                0.70208,                0.77566,                0.45709,                 1.2822,                 2.0032,                0.85954,                 1.6622,               8.93e-05,               8.93e-05,               8.93e-05
                    196,                0.82464,                 1.2794,                0.52093,                 1.1951,                0.83283,                 0.6864,                0.78573,                0.51864,                0.84926,                0.70109,                0.78223,                0.45875,                 1.2815,                 2.0029,                0.83921,                 1.6801,               7.94e-05,               7.94e-05,               7.94e-05
                    197,                0.79446,                  1.274,                0.51908,                 1.1949,                0.88943,                   0.66,                0.78797,                0.51194,                0.89021,                0.67556,                0.78259,                0.45479,                 1.3069,                 2.0229,                 0.8368,                 1.6987,               6.95e-05,               6.95e-05,               6.95e-05
                    198,                0.78335,                 1.2443,                0.50296,                 1.1535,                 0.8835,                   0.66,                0.78717,                0.50997,                 0.8954,                0.66889,                0.77728,                0.45338,                 1.3062,                 2.0185,                0.84184,                  1.704,               5.96e-05,               5.96e-05,               5.96e-05
                    199,                0.75065,                 1.2483,                0.49307,                  1.152,                0.87452,                0.66667,                0.78644,                 0.5109,                0.88303,                0.66667,                0.77433,                0.44831,                 1.3029,                 2.0184,                0.83776,                 1.7102,               4.97e-05,               4.97e-05,               4.97e-05
                    200,                0.76542,                  1.228,                0.48956,                  1.164,                0.87759,                0.66914,                0.79048,                0.51383,                0.88236,                0.67556,                0.77725,                0.45063,                 1.2934,                 2.0347,                0.83682,                 1.6905,               3.98e-05,               3.98e-05,               3.98e-05
